Ninth Doctor,Christopher Eccleston,(ninth_doctor.txt),(image)
Tenth Doctor,David Tennant,(tenth_doctor.txt),(image)
Eleventh Doctor,Matt Smith,(eleventh_doctor.txt),(image)
Twelth Doctor,Peter Capaldi,(twelth_doctor.txt),(image)
Rose Tyler,Billie Piper,(rose_tyler.txt),(image)
Jack Harkness,John Barrowman,(jack_harkness.txt),(image)
Martha Jones,Freema Agyeman,(martha_jones.txt),(image)
Donna Noble,Catherine Tate,(donna_noble.txt),(image)
River Song,Alex Kingston,(river_song.txt),(image)
Amy Pond,Karen Gillan,(amy_pond.txt),(image)
Rory Williams,Arthur Darvill,(rory_williams.txt),(image)
Clara Oswald,Jenna Coleman,(clara_oswald.txt),(image)
Bill Potts,Pearl Mackie,(bill_potts.txt),(image)
Gwen Cooper,Eve Myles,(gwen_cooper.txt),(image)
Ianto Jones,Gareth David-Lloyd,(ianto_jones.txt),(image)
Owen Harper,Burn Gorman,(owen_harper.txt),(image)
Toshiko Sato,Naoko Mori,(toshiko_sato.txt),(image)
Suzie Costello,Indira Varma,(suzie_costello.txt),(image)
Lois Habiba,Cush Jumbo,(lois_habiba.txt),(image)
Rex Matheson,Mekhi Phifer,(rex_matheson.txt),(image)
Esther Drummond,Alexa Havins,(esther_drummond.txt),(image)
Vera Juarez,Arlene Tur,(vera_juarez.txt),(image)
